time,temperature,salinity,ssh,u_velocity,v_velocity,mld
1950-01-16 00:00:00,3.777922,35.05115,-1.4272363,0.04888237,-0.04834579,973.5841
1950-02-16 00:00:00,3.650203,35.06383,-1.5125808,0.01946874,-0.013896275,2218.9534
1950-03-16 00:00:00,3.5546672,35.06594,-1.5217901,-0.00026285453,-0.020871246,3273.4348
1950-04-16 00:00:00,3.6045995,35.057095,-1.553836,-0.02248747,-0.0075305426,1475.7034
1950-05-16 00:00:00,4.1226277,35.0621,-1.4910245,0.019406833,0.0066079176,751.9621
1950-06-16 00:00:00,6.122765,35.01377,-1.4773686,0.021290561,0.030906318,18.14894
1950-07-16 00:00:00,8.242067,34.91077,-1.4809461,0.04290174,-0.0038665303,16.956787
1950-08-16 00:00:00,9.194003,34.838272,-1.4567661,0.010401197,0.012889694,20.185862
1950-09-16 00:00:00,7.9205303,34.875774,-1.4330728,0.010933158,0.00299206,39.33284
1950-10-16 00:00:00,6.8999834,34.743195,-1.408273,0.060535014,0.10203736,33.18432
1950-11-16 00:00:00,4.8817673,34.79488,-1.4429415,0.11488099,0.023276644,69.8085
1950-12-16 00:00:00,3.67186,34.916832,-1.4463092,0.07379853,-0.098443404,148.08699
1951-01-16 00:00:00,3.7139452,35.045834,-1.4965907,0.01068561,-0.057023898,644.27844
1951-02-16 00:00:00,3.7233286,35.0654,-1.4873909,-0.001546072,-0.053456545,1690.1309
1951-03-16 00:00:00,3.5657427,35.065792,-1.5189487,-0.015584102,-0.0055195303,3263.1233
1951-04-16 00:00:00,3.6297283,35.065548,-1.5521647,-0.031176398,0.055411734,2540.0615
1951-05-16 00:00:00,4.168366,35.063534,-1.5456439,-0.013086273,0.055574503,171.29553
1951-06-16 00:00:00,5.6313157,35.028133,-1.4880704,0.030567704,0.070772834,22.500393
1951-07-16 00:00:00,7.8229866,34.93428,-1.4246478,0.042488195,0.014646567,17.228426
1951-08-16 00:00:00,9.04287,34.843346,-1.4183211,0.025447605,0.035026733,20.767159
1951-09-16 00:00:00,8.040215,34.848057,-1.4436976,-0.0127006015,0.032613542,32.51182
1951-10-16 00:00:00,6.989587,34.823944,-1.4190854,-0.018260533,-0.0048690983,36.560154
1951-11-16 00:00:00,5.053419,34.87824,-1.4659638,-0.046741948,-0.032181468,63.601337
1951-12-16 00:00:00,3.6998088,34.980556,-1.4794245,0.0100535005,-0.028367994,275.03262
1952-01-16 00:00:00,3.6509147,35.06706,-1.5104424,0.044116482,0.009455581,2197.4612
1952-02-16 00:00:00,3.5559804,35.066814,-1.541684,0.046641108,-0.02611618,3374.9822
1952-03-16 00:00:00,3.5175247,35.06836,-1.5416917,0.039112244,-0.056794245,3417.0764
1952-04-16 00:00:00,3.5539608,35.066555,-1.5883361,-0.06811604,-0.006237344,2798.9785
1952-05-16 00:00:00,3.9249625,35.060623,-1.567591,-0.0025046496,-0.0069348924,68.93883
1952-06-16 00:00:00,4.818679,35.038868,-1.5534021,0.06639354,0.0368942,27.719791
1952-07-16 00:00:00,7.0059133,34.939556,-1.4773289,0.09154382,0.022890903,16.140814
1952-08-16 00:00:00,8.636818,34.900425,-1.4861832,-0.019873839,-0.021931713,19.601711
1952-09-16 00:00:00,7.2959023,34.87836,-1.4520509,-0.029211035,0.022339243,44.79689
1952-10-16 00:00:00,6.0638957,34.85596,-1.4596995,0.02159988,0.04378816,51.49272
1952-11-16 00:00:00,4.168349,34.833897,-1.4085407,0.057159837,-0.010078506,67.26207
1952-12-16 00:00:00,3.2188873,34.870056,-1.4778101,0.13215806,-0.05666717,107.1145
1953-01-16 00:00:00,3.6809714,35.034054,-1.4549552,0.089983694,0.067609124,519.90826
1953-02-16 00:00:00,3.5233319,35.03635,-1.4997844,0.07119333,0.043411445,1081.4323
1953-03-16 00:00:00,3.5058904,35.066757,-1.5613861,-0.034506064,0.0020168452,3399.9807
1953-04-16 00:00:00,3.5537715,35.064,-1.5645182,-0.015508789,0.025964469,2342.4814
1953-05-16 00:00:00,4.239239,35.0608,-1.5412444,0.09424704,0.01831223,48.371624
1953-06-16 00:00:00,5.469475,35.03454,-1.566568,0.020185502,-0.055884738,20.831331
1953-07-16 00:00:00,8.004401,35.01553,-1.4981343,0.068266675,0.025835508,15.416419
1953-08-16 00:00:00,9.073059,34.945393,-1.4952134,0.062123027,0.025384327,18.914074
1953-09-16 00:00:00,8.2362585,34.81314,-1.4798349,0.073051095,0.053385627,30.955276
1953-10-16 00:00:00,6.6631446,34.691998,-1.4985635,0.00553941,0.079144344,39.20792
1953-11-16 00:00:00,4.283077,34.81402,-1.4754554,0.07481436,-0.0069405492,58.57114
1953-12-16 00:00:00,3.5003276,34.98616,-1.4882197,0.09984348,0.03330652,437.11627
1954-01-16 00:00:00,3.7111094,35.075665,-1.4925104,0.041302055,0.043895252,1703.4988
1954-02-16 00:00:00,3.607101,35.070366,-1.5345273,0.018269686,0.01501273,2536.7378
1954-03-16 00:00:00,3.538818,35.071712,-1.5404608,-0.0051811733,-0.043753717,3274.7378
1954-04-16 00:00:00,3.5226336,35.064056,-1.5542749,-0.0064821607,-0.022851689,2467.8784
1954-05-16 00:00:00,4.3070145,35.06094,-1.5601606,0.052246954,-0.014905458,36.87367
1954-06-16 00:00:00,5.8200545,35.032066,-1.5521214,0.0015611884,0.008600302,22.498323
1954-07-16 00:00:00,7.7562056,34.98302,-1.4912091,-0.002278306,0.0026402033,20.502441
1954-08-16 00:00:00,9.146399,34.911133,-1.460287,0.044256944,0.026118383,19.992771
1954-09-16 00:00:00,8.465451,34.898636,-1.4685837,0.0071910718,0.053275168,35.51593
1954-10-16 00:00:00,6.551593,34.867596,-1.4631858,-0.0059094992,0.071457535,48.073875
1954-11-16 00:00:00,4.8492384,34.90083,-1.4650841,-0.008364755,0.03569613,67.12609
1954-12-16 00:00:00,3.8309577,34.963913,-1.4785444,0.016106319,0.036220625,121.39552
1955-01-16 00:00:00,3.7938921,35.051323,-1.5026788,0.0090316,0.04762558,670.44586
1955-02-16 00:00:00,3.644506,35.070354,-1.5270241,0.0103995595,0.014124117,1999.0391
1955-03-16 00:00:00,3.5269842,35.070755,-1.537606,0.028491836,0.003878055,3262.8196
1955-04-16 00:00:00,3.6606894,35.05934,-1.5586766,0.0051065073,0.05642525,1517.2526
1955-05-16 00:00:00,4.274419,35.056286,-1.55272,-0.004108056,0.066501565,44.3004
1955-06-16 00:00:00,5.969387,35.0447,-1.5458535,0.007979972,-0.026279777,22.818195
1955-07-16 00:00:00,8.725915,35.010273,-1.4902502,0.03402356,0.0037175508,14.127541
1955-08-16 00:00:00,9.333293,34.9828,-1.4906211,0.06882396,-0.004723517,21.904543
1955-09-16 00:00:00,8.706234,34.89542,-1.4861699,0.061044324,0.057496987,26.777576
1955-10-16 00:00:00,6.137676,34.937378,-1.4822123,-0.0005905216,0.019328453,53.750416
1955-11-16 00:00:00,4.482014,34.96277,-1.4749908,0.044422463,-0.01827487,91.49192
1955-12-16 00:00:00,3.747701,35.02033,-1.4967436,-0.009917993,-0.030564122,245.62616
1956-01-16 00:00:00,3.5408971,35.050014,-1.527839,-0.013044731,0.011529216,1072.051
1956-02-16 00:00:00,3.5163553,35.064278,-1.5464703,0.039442882,0.08472136,2917.833
1956-03-16 00:00:00,3.465867,35.066673,-1.5584983,0.03888502,0.077826425,3346.771
1956-04-16 00:00:00,3.4405007,35.06677,-1.6021414,0.03739317,0.029781358,2855.2302
1956-05-16 00:00:00,4.0932198,35.05762,-1.5228672,0.03685874,0.029464168,95.167625
1956-06-16 00:00:00,5.6348414,35.00512,-1.5377647,0.05569878,0.063413866,21.357344
1956-07-16 00:00:00,7.760288,34.995857,-1.5136913,0.01642092,-0.024849944,16.74346
1956-08-16 00:00:00,9.532136,34.98564,-1.4917765,-0.04535463,-0.034756064,16.574303
1956-09-16 00:00:00,8.681743,34.97957,-1.4841437,0.004852222,-0.0020185537,34.70433
1956-10-16 00:00:00,6.556518,34.941063,-1.5055057,0.036414944,0.027637688,48.133717
1956-11-16 00:00:00,4.4338465,34.974735,-1.5020391,0.061005536,0.016895106,95.2623
1956-12-16 00:00:00,3.676605,35.044556,-1.5504515,0.11373356,0.034349967,475.12875
1957-01-16 00:00:00,3.5565224,35.054474,-1.536218,0.10045472,0.039321285,1076.3689
1957-02-16 00:00:00,3.5161123,35.063778,-1.49995,0.052168075,-0.09324569,2428.259
1957-03-16 00:00:00,3.4192135,35.066425,-1.556205,-0.013515742,-0.0041305586,3417.062
1957-04-16 00:00:00,3.5444338,35.053383,-1.5784562,0.0056637726,0.06540396,746.84406
1957-05-16 00:00:00,3.9338295,35.061924,-1.5653911,0.005284967,-0.016605666,188.47981
1957-06-16 00:00:00,6.3601975,35.055935,-1.5612295,0.030123476,-0.0017195712,16.228266
1957-07-16 00:00:00,8.322588,34.95895,-1.5491227,-0.018732727,0.008534897,15.904972
1957-08-16 00:00:00,8.894346,34.90596,-1.5245652,-0.04037605,0.015196989,24.089512
1957-09-16 00:00:00,8.540642,34.847492,-1.4796702,0.028801402,0.063789286,28.806747
1957-10-16 00:00:00,7.396861,34.80411,-1.4977777,0.00073055236,0.033054613,32.36778
1957-11-16 00:00:00,5.1280217,34.873753,-1.5439441,-0.044971105,0.00034883586,61.790436
1957-12-16 00:00:00,3.887206,34.94569,-1.4951859,-0.01240695,0.029131645,140.2393
1958-01-16 00:00:00,3.685233,35.033104,-1.5378786,-0.013505764,0.08736062,441.92017
1958-02-16 00:00:00,3.6226835,35.05887,-1.5461977,0.03866036,0.04460048,1093.9795
1958-03-16 00:00:00,3.5688753,35.0563,-1.5253007,0.0194936,0.017957743,1445.439
1958-04-16 00:00:00,3.5077953,35.057552,-1.5476766,0.009957669,-0.036176525,1819.0836
1958-05-16 00:00:00,3.8561916,35.05198,-1.5845225,-0.03078911,-0.022790998,386.4273
1958-06-16 00:00:00,5.064104,34.974686,-1.5417846,-0.057899408,0.0077833952,22.251093
1958-07-16 00:00:00,7.8869853,34.90925,-1.4800574,-0.036732767,-0.0101511525,14.544258
1958-08-16 00:00:00,9.601855,34.81791,-1.477024,0.016156394,0.005088344,14.290135
1958-09-16 00:00:00,8.4887495,34.848946,-1.4605979,0.045800176,0.0034060993,27.934319
1958-10-16 00:00:00,7.067547,34.855824,-1.4593892,0.02698054,-0.009073044,40.333263
1958-11-16 00:00:00,5.197963,34.908894,-1.4584675,0.029272214,0.049802676,62.401264
1958-12-16 00:00:00,4.1614633,34.929173,-1.4815422,0.0771127,0.043826763,106.65325
1959-01-16 00:00:00,3.663713,35.02753,-1.4987721,0.03880351,0.051329322,393.0181
1959-02-16 00:00:00,3.6548152,35.0629,-1.5138649,0.004024418,0.040317487,1257.705
1959-03-16 00:00:00,3.58785,35.06543,-1.4993688,0.022295622,0.020226745,1958.3461
1959-04-16 00:00:00,3.4795957,35.040157,-1.5048804,0.05800364,0.0004252508,1713.875
1959-05-16 00:00:00,3.8210924,35.05854,-1.5484562,0.05947526,0.075403705,956.6136
1959-06-16 00:00:00,5.3165445,35.03848,-1.5690628,0.06643604,0.0180947,23.646173
1959-07-16 00:00:00,7.540674,34.878326,-1.4992315,-0.00011250222,0.12680058,17.849955
1959-08-16 00:00:00,7.9254355,34.838444,-1.4530023,0.013534791,-0.005349986,19.109953
1959-09-16 00:00:00,7.419321,34.873856,-1.4263245,0.03009463,-0.036509354,39.407387
1959-10-16 00:00:00,5.7792068,34.89673,-1.4705809,0.042000446,-0.055774897,52.780975
1959-11-16 00:00:00,4.4016943,34.925037,-1.4788523,-0.025203187,-0.023432333,80.17925
1959-12-16 00:00:00,3.71664,34.978863,-1.4998312,-0.03832343,0.018225648,171.6439
1960-01-16 00:00:00,3.6775675,35.04316,-1.5210462,-0.01003505,0.058326345,435.75177
1960-02-16 00:00:00,3.7210264,35.05154,-1.521772,0.007903805,0.07027719,675.2916
1960-03-16 00:00:00,3.6748204,35.059868,-1.5385274,0.052731626,0.048963375,933.2168
1960-04-16 00:00:00,3.6631446,35.055405,-1.5326625,0.040660925,0.06603741,926.3447
1960-05-16 00:00:00,4.100612,35.054028,-1.4873219,0.062012453,-0.02921911,67.65982
1960-06-16 00:00:00,4.987635,35.009983,-1.503371,-0.033501558,-0.019872943,26.263891
1960-07-16 00:00:00,7.099502,34.962826,-1.4527781,0.0094486745,0.038586054,17.11355
1960-08-16 00:00:00,8.805735,34.93435,-1.4238938,0.038485687,0.0015739414,17.80036
1960-09-16 00:00:00,7.3132997,34.909264,-1.4185991,0.04340342,-0.018015586,39.063797
1960-10-16 00:00:00,6.156876,34.88785,-1.4515162,-0.029776217,-0.015731309,51.956394
1960-11-16 00:00:00,4.430242,34.949944,-1.4659414,0.00015742514,0.041161917,91.05195
1960-12-16 00:00:00,3.8438547,35.023033,-1.47834,0.004385964,0.020226577,354.83047
1961-01-16 00:00:00,3.6914432,35.056057,-1.484296,0.029127602,-0.00942256,1091.5946
1961-02-16 00:00:00,3.560189,35.06194,-1.4984596,0.008306715,0.026424982,2033.9801
1961-03-16 00:00:00,3.5590532,35.061516,-1.5678009,0.016306892,0.027045505,2171.352
1961-04-16 00:00:00,3.8019502,35.056362,-1.5244263,0.008138026,0.0646835,710.0661
1961-05-16 00:00:00,4.207747,35.054173,-1.5038012,0.039391737,0.03600204,55.422543
1961-06-16 00:00:00,6.473711,35.0256,-1.5018045,0.038033012,-0.0038103643,14.643014
1961-07-16 00:00:00,8.32395,34.976532,-1.4893311,-0.0014779897,0.012454289,14.435906
1961-08-16 00:00:00,9.235003,34.938797,-1.4607823,0.01316592,0.0014453452,22.9974
1961-09-16 00:00:00,8.348144,34.92072,-1.434681,0.067080274,0.03539919,35.1723
1961-10-16 00:00:00,7.1830697,34.85447,-1.4381285,0.028240452,0.13663125,40.121986
1961-11-16 00:00:00,5.572338,34.842663,-1.4740579,0.033172976,0.04921835,53.207054
1961-12-16 00:00:00,4.0478034,34.94512,-1.4598676,0.05469403,0.02638987,111.945656
1962-01-16 00:00:00,3.8458524,35.046375,-1.497218,0.05893859,0.0056187045,678.20233
1962-02-16 00:00:00,3.624911,35.06744,-1.5322257,0.054300677,0.0044467836,2108.999
1962-03-16 00:00:00,3.563267,35.063213,-1.5369196,0.03330905,-0.0034520386,2277.0125
1962-04-16 00:00:00,3.5917907,35.070724,-1.5467381,0.05256087,0.017376991,2603.6838
1962-05-16 00:00:00,3.9891956,35.06273,-1.5236608,0.082761,0.019834612,830.0204
1962-06-16 00:00:00,5.103913,35.05144,-1.5016006,0.07198009,0.037613045,30.276434
1962-07-16 00:00:00,8.079649,34.906048,-1.4580522,0.07478072,0.051246133,11.822857
1962-08-16 00:00:00,9.21205,34.70791,-1.4040321,0.020838998,0.029491324,15.875276
1962-09-16 00:00:00,7.866855,34.85585,-1.4064894,-0.0097038755,-0.008530765,35.4201
1962-10-16 00:00:00,6.064048,34.839417,-1.4435545,0.022456758,0.0016774706,46.086636
1962-11-16 00:00:00,4.462926,34.92176,-1.4703062,0.021146575,-0.0024106447,75.562935
1962-12-16 00:00:00,3.8843539,35.03996,-1.470969,-0.0032682638,0.053677663,347.27716
1963-01-16 00:00:00,3.805741,35.0711,-1.5016595,-0.00454891,0.006469993,1252.8984
1963-02-16 00:00:00,3.6336257,35.07648,-1.5646324,0.017186293,0.023328569,2640.1855
1963-03-16 00:00:00,3.5836074,35.07627,-1.5289016,0.0006490204,-0.00019271627,3014.7717
1963-04-16 00:00:00,3.5619283,35.074516,-1.5357298,-0.0012369003,-0.015286179,3116.4954
1963-05-16 00:00:00,4.064637,35.074627,-1.5166034,0.0015598712,0.014708605,448.41895
1963-06-16 00:00:00,5.446923,35.065914,-1.5212182,0.077503376,0.0017795058,25.020082
1963-07-16 00:00:00,7.5248117,35.0497,-1.4771855,0.006627808,0.032461062,18.076147
1963-08-16 00:00:00,7.901705,35.017933,-1.473665,0.06417473,-0.007679238,24.047394
1963-09-16 00:00:00,7.5748005,35.015785,-1.4655535,0.0131463725,0.0170544,44.343113
1963-10-16 00:00:00,6.0375752,35.01,-1.4853561,-0.011155555,0.00096763327,59.777588
1963-11-16 00:00:00,4.7874355,35.009632,-1.5184853,-0.03723607,0.019395947,92.23063
1963-12-16 00:00:00,4.0766487,35.053894,-1.5396274,0.007985828,0.023774777,229.4999
1964-01-16 00:00:00,3.7559779,35.082745,-1.5344204,0.035351988,0.047629006,1220.9778
1964-02-16 00:00:00,3.6769037,35.083027,-1.4875896,0.06725734,0.04025758,2216.9458
1964-03-16 00:00:00,3.5837955,35.080433,-1.5427638,0.020630253,0.0153152635,3076.219
1964-04-16 00:00:00,3.737703,35.07823,-1.5509073,-0.039013434,0.048391394,800.1587
1964-05-16 00:00:00,3.9402852,35.06215,-1.549042,0.017895008,0.05848979,442.4173
1964-06-16 00:00:00,5.1289396,35.072693,-1.525217,0.0578965,0.039466776,24.446484
1964-07-16 00:00:00,7.085676,34.9974,-1.4583642,0.02336954,0.034782056,15.86391
1964-08-16 00:00:00,8.482121,34.902603,-1.4803491,0.050700374,0.00056550215,15.361564
1964-09-16 00:00:00,7.8408155,34.863194,-1.489428,0.059304316,-0.009631353,29.045908
1964-10-16 00:00:00,6.1403003,34.87333,-1.4817573,0.035234816,-0.018387098,48.57948
1964-11-16 00:00:00,4.586083,34.897297,-1.50109,0.019647896,0.017109483,67.648315
1964-12-16 00:00:00,3.6336312,34.932316,-1.4916079,0.059646845,0.0051347595,120.538895
1965-01-16 00:00:00,3.7401564,35.07767,-1.5146894,0.09388628,-0.001835983,1039.4216
1965-02-16 00:00:00,3.6408994,35.084698,-1.5336311,0.087279014,0.041191727,2705.407
1965-03-16 00:00:00,3.5436928,35.08101,-1.5356699,0.0927998,0.048572812,3308.179
1965-04-16 00:00:00,3.5502665,35.08113,-1.5904012,-0.07379023,0.07431286,3258.3887
1965-05-16 00:00:00,3.6387095,35.082756,-1.5888627,0.012798632,0.060928956,2053.558
1965-06-16 00:00:00,4.68132,35.080357,-1.5371709,0.05505601,0.04759577,35.955723
1965-07-16 00:00:00,7.0736136,35.0297,-1.5114768,0.03918075,0.0096161105,14.161136
1965-08-16 00:00:00,9.123695,34.963097,-1.5053396,-0.020083355,-0.06274531,15.016994
1965-09-16 00:00:00,7.4943895,34.99879,-1.4804418,-0.040539373,-0.0011966821,39.370403
1965-10-16 00:00:00,5.8373003,34.97844,-1.4948598,0.04233522,0.043272533,54.067993
1965-11-16 00:00:00,4.4205136,34.989487,-1.506811,0.035966586,0.017992374,84.96794
1965-12-16 00:00:00,3.8362336,35.01443,-1.4808723,0.029159265,0.025350297,184.96324
1966-01-16 00:00:00,3.7582843,35.070232,-1.5351046,-0.002530374,0.05750095,602.63873
1966-02-16 00:00:00,3.7172558,35.072227,-1.526745,0.040589146,0.041249845,1076.9443
1966-03-16 00:00:00,3.5866039,35.083607,-1.5950054,0.046323348,0.061982132,2773.673
1966-04-16 00:00:00,3.6122756,35.078747,-1.5659009,0.045647603,0.025734354,2125.564
1966-05-16 00:00:00,4.3090024,35.056507,-1.5913428,0.031195262,0.08646308,42.38454
1966-06-16 00:00:00,5.488196,35.036396,-1.5465771,0.047803495,0.04441661,27.23355
1966-07-16 00:00:00,8.661665,35.017334,-1.5059195,0.02696835,0.014349648,12.753628
1966-08-16 00:00:00,9.241836,34.959072,-1.4768937,0.06445206,0.019239005,18.59463
1966-09-16 00:00:00,8.764159,34.891235,-1.4662884,0.013087374,0.078037515,27.376278
1966-10-16 00:00:00,6.5996003,34.909267,-1.4446185,0.003541933,0.040178675,48.646744
1966-11-16 00:00:00,4.5527234,34.939392,-1.4962522,0.02840145,0.0042486386,75.41896
1966-12-16 00:00:00,3.836811,35.01917,-1.53125,0.06001393,-0.012477034,354.86908
1967-01-16 00:00:00,3.650815,35.089424,-1.5736374,0.002540781,-0.016935177,2375.0183
1967-02-16 00:00:00,3.6007087,35.087597,-1.6026357,0.027982151,0.032640826,3195.9163
1967-03-16 00:00:00,3.6774204,35.090355,-1.5767053,0.0040134527,0.07225247,2147.99
1967-04-16 00:00:00,3.697339,35.087612,-1.5890679,-0.006653164,0.011935332,1824.731
1967-05-16 00:00:00,4.0210786,35.091076,-1.5781654,-0.027887672,-0.0016892969,149.04243
1967-06-16 00:00:00,5.567387,35.084652,-1.536998,-0.009653427,0.040165935,20.140078
1967-07-16 00:00:00,7.3125367,35.013435,-1.5075383,0.06279023,0.09115804,17.323856
1967-08-16 00:00:00,8.998128,34.8836,-1.4788135,-0.0062145772,0.08392371,17.695251
1967-09-16 00:00:00,7.28583,34.958145,-1.4868935,0.046797022,0.07643134,37.87311
1967-10-16 00:00:00,5.8039002,34.98039,-1.4642975,0.030820865,0.045412593,60.696426
1967-11-16 00:00:00,4.299231,35.037415,-1.481832,0.033604015,0.04097599,142.05876
1967-12-16 00:00:00,3.8796935,35.08375,-1.5155663,-0.0005154822,0.003666618,574.41473
1968-01-16 00:00:00,3.741914,35.087914,-1.5655499,-0.04539502,-0.017758058,1440.3408
1968-02-16 00:00:00,3.6279778,35.08935,-1.572145,-0.028613525,0.00669041,2945.4507
1968-03-16 00:00:00,3.611176,35.091118,-1.5534402,0.024699505,0.051440503,3198.2698
1968-04-16 00:00:00,3.7881424,35.08121,-1.5653198,0.06936208,0.016515091,977.85345
1968-05-16 00:00:00,4.6417255,35.053856,-1.5799578,0.05961677,-0.004533996,32.337543
1968-06-16 00:00:00,6.282464,35.02186,-1.5736017,0.022937823,-0.010280445,19.214613
1968-07-16 00:00:00,8.3265085,34.96342,-1.5431938,-0.014077348,-0.011530997,14.567314
1968-08-16 00:00:00,8.974984,34.90968,-1.4904975,-0.0019162907,-0.0015308367,26.132847
1968-09-16 00:00:00,8.244918,34.85906,-1.4709461,0.06306706,0.0379856,37.318005
1968-10-16 00:00:00,6.6374936,34.870308,-1.5337881,0.07737027,0.06623326,55.022118
1968-11-16 00:00:00,4.922987,34.891712,-1.5437587,0.02599529,0.06066497,70.7847
1968-12-16 00:00:00,4.040456,34.978355,-1.4960502,-0.00076180877,0.0532397,136.69617
1969-01-16 00:00:00,3.8350344,35.080147,-1.5086159,-0.009540718,0.042470243,813.92017
1969-02-16 00:00:00,3.6177926,35.094025,-1.6193767,0.04124426,0.08437583,3035.19
1969-03-16 00:00:00,3.5009348,35.09072,-1.6194441,0.06198013,-0.008347252,3415.1116
1969-04-16 00:00:00,3.519539,35.09254,-1.6173615,-0.0071089766,0.0009716598,3406.3328
1969-05-16 00:00:00,3.767847,35.087177,-1.6214701,0.030269284,0.053916216,1135.4275
1969-06-16 00:00:00,4.9273844,35.056744,-1.6202214,-0.01887532,-0.0025429055,27.256525
1969-07-16 00:00:00,6.837143,34.969425,-1.5631263,-0.031153927,0.06812007,18.337942
1969-08-16 00:00:00,8.403673,34.76403,-1.477382,0.051421773,0.056064405,17.928175
1969-09-16 00:00:00,7.0006447,34.70166,-1.473933,0.048926175,0.032697666,31.392056
1969-10-16 00:00:00,5.7037473,34.84023,-1.4882611,0.073808156,-0.051786758,50.777214
1969-11-16 00:00:00,4.3817,34.921154,-1.5166543,0.019971697,0.007308683,69.09519
1969-12-16 00:00:00,3.594946,34.963924,-1.5570693,0.002140512,0.0003823332,203.3127
1970-01-16 00:00:00,3.6585476,35.087967,-1.5334014,0.0028709264,0.00095752365,1855.31
1970-02-16 00:00:00,3.575999,35.090992,-1.5843298,0.016325844,-0.0032046016,3108.1702
1970-03-16 00:00:00,3.58229,35.09053,-1.5705693,0.038504284,0.0068256813,2876.9407
1970-04-16 00:00:00,3.6187768,35.094227,-1.6421696,0.044397503,-0.008023723,2942.2961
1970-05-16 00:00:00,4.0736823,35.066135,-1.6460745,0.009411857,0.004776728,38.617195
1970-06-16 00:00:00,6.24147,35.013588,-1.5824339,0.0024917142,0.025084535,17.188742
1970-07-16 00:00:00,7.9995656,34.963253,-1.5264375,-0.012311548,0.016998293,16.703747
1970-08-16 00:00:00,10.086773,34.92053,-1.5043173,0.007517452,0.037707284,15.267551
1970-09-16 00:00:00,9.04473,34.873,-1.4938109,-0.029859375,0.041302934,33.74137
1970-10-16 00:00:00,6.739818,34.89038,-1.5153822,-0.04812543,0.00033425103,52.64185
1970-11-16 00:00:00,4.722454,34.90736,-1.544198,0.021237755,0.047121465,66.35397
1970-12-16 00:00:00,3.8196948,34.993763,-1.5518678,0.0057124016,0.037532743,221.81033
1971-01-16 00:00:00,3.66346,35.09035,-1.5721095,0.04417051,0.054524545,1437.2278
1971-02-16 00:00:00,3.6094007,35.094368,-1.6093496,0.054133188,-0.007457378,3027.417
1971-03-16 00:00:00,3.574372,35.093494,-1.5857024,0.01565535,0.017876102,3351.0037
1971-04-16 00:00:00,3.6385713,35.094604,-1.577839,0.0016277083,-0.005506901,2886.2466
1971-05-16 00:00:00,4.087507,35.078953,-1.6136429,-0.032881796,-0.055048387,677.52014
1971-06-16 00:00:00,5.7147546,35.02388,-1.5614477,0.028732793,0.00514564,17.894287
1971-07-16 00:00:00,7.919428,34.969,-1.542824,0.060353152,-0.03466216,15.6450815
1971-08-16 00:00:00,9.639921,34.89396,-1.5348184,-0.03972646,-0.014647289,16.843145
1971-09-16 00:00:00,7.945534,34.91948,-1.5260257,-0.04184712,0.014515708,34.078575
1971-10-16 00:00:00,6.060288,34.920742,-1.509121,0.009171229,-0.013958431,49.93981
1971-11-16 00:00:00,4.908066,34.928734,-1.5897218,-0.06941997,0.03389561,71.54357
1971-12-16 00:00:00,3.7438924,35.028996,-1.5634507,-0.010030731,-0.027168574,323.68143
1972-01-16 00:00:00,3.6098275,35.09033,-1.5500774,-0.037376333,-0.0090809325,2152.5837
1972-02-16 00:00:00,3.610477,35.09541,-1.5915135,-0.06421839,0.02273673,2857.0315
1972-03-16 00:00:00,3.5841358,35.094402,-1.5505102,-0.011433906,0.03966449,3085.5925
1972-04-16 00:00:00,3.6438975,35.09508,-1.589685,0.09221669,0.0692383,2324.5483
1972-05-16 00:00:00,3.9013233,35.083847,-1.565809,0.014260855,0.1030307,1057.2334
1972-06-16 00:00:00,5.297522,35.056465,-1.5852937,0.047534995,0.028560923,25.200134
1972-07-16 00:00:00,7.72382,34.979137,-1.5684563,0.05770616,-0.016291192,12.7251625
1972-08-16 00:00:00,8.167221,34.91409,-1.5559876,-0.060504224,-0.0029809054,20.525482
1972-09-16 00:00:00,7.697537,34.834354,-1.5392027,-0.023595888,0.008054551,34.178726
1972-10-16 00:00:00,6.5697055,34.804188,-1.524313,-0.01709897,0.037802547,43.551933
1972-11-16 00:00:00,4.898067,34.80299,-1.5523276,-0.03758664,-0.00868465,69.679436
1972-12-16 00:00:00,3.5451653,34.87905,-1.543869,0.018200872,0.03831149,104.09094
1973-01-16 00:00:00,3.5569296,35.04975,-1.6032517,0.014061866,0.025022112,353.2067
1973-02-16 00:00:00,3.60167,35.086437,-1.6118203,0.02851155,0.007349918,1779.6614
1973-03-16 00:00:00,3.5569737,35.091194,-1.589786,0.018160535,-0.0019995344,2796.378
1973-04-16 00:00:00,3.5864828,35.091743,-1.577688,0.0494856,0.014900394,2497.5938
1973-05-16 00:00:00,3.9605663,35.07032,-1.5813448,0.04633632,0.0017979062,1150.2822
1973-06-16 00:00:00,5.903107,35.042774,-1.5350431,0.066832945,-0.012286137,17.259832
1973-07-16 00:00:00,7.8506117,34.97489,-1.5081949,-0.0010531072,-0.027702251,16.100721
1973-08-16 00:00:00,8.692077,34.8765,-1.5034765,-0.026959507,0.0066860807,19.27561
1973-09-16 00:00:00,8.465267,34.8807,-1.4842699,0.046651874,0.0071654185,32.347446
1973-10-16 00:00:00,6.396078,34.916553,-1.4878796,0.017658414,0.020460585,49.442142
1973-11-16 00:00:00,5.1155944,34.94489,-1.5040385,0.0012357627,-0.009650622,71.26567
1973-12-16 00:00:00,3.9871743,34.999355,-1.5159488,-0.007503458,-0.008612828,156.27441
1974-01-16 00:00:00,3.7375386,35.087894,-1.5850286,0.028332392,0.027743025,1140.3351
1974-02-16 00:00:00,3.6169944,35.093002,-1.5979257,0.053394105,0.046072513,2384.4304
1974-03-16 00:00:00,3.6570182,35.09692,-1.5723016,0.047633063,0.05977341,2320.0347
1974-04-16 00:00:00,3.6662273,35.0979,-1.5361924,0.07047446,-0.04188231,2316.957
1974-05-16 00:00:00,4.572482,35.097538,-1.5644325,0.05000411,-0.038878664,404.52158
1974-06-16 00:00:00,6.0095806,35.047123,-1.5608829,-0.06774998,0.033014875,18.361677
1974-07-16 00:00:00,8.63462,34.98993,-1.5274693,-0.007755733,0.0493028,14.368158
1974-08-16 00:00:00,9.983093,34.956825,-1.4722233,-0.015780283,-0.0030378306,18.976524
1974-09-16 00:00:00,8.983449,34.941814,-1.4607844,-0.050283182,0.00824633,35.755856
1974-10-16 00:00:00,7.097517,34.926277,-1.466836,-0.05056,0.038044605,46.284378
1974-11-16 00:00:00,5.4048796,34.922165,-1.5025325,-0.03416347,0.03447838,63.673145
1974-12-16 00:00:00,4.03025,35.009216,-1.5118455,0.046289984,0.026529811,259.0143
1975-01-16 00:00:00,3.8474739,35.08522,-1.5840216,0.01657775,0.053502984,783.2715
1975-02-16 00:00:00,3.7803912,35.096558,-1.540964,0.03675769,0.02305922,1567.0311
1975-03-16 00:00:00,3.730115,35.0972,-1.546412,0.03182371,0.04286422,1985.8522
1975-04-16 00:00:00,3.820208,35.08732,-1.5800289,0.047057346,0.039258786,996.9022
1975-05-16 00:00:00,4.7552323,35.045532,-1.5532212,0.05407155,-0.006225041,26.24774
1975-06-16 00:00:00,6.4065185,35.039604,-1.5157619,0.027952624,-0.02590509,25.121563
1975-07-16 00:00:00,8.344725,35.013264,-1.5002233,0.014776549,-0.041689146,17.497543
1975-08-16 00:00:00,8.925777,34.921043,-1.4400187,0.0778437,-0.041380987,21.613768
1975-09-16 00:00:00,7.9199286,34.93849,-1.452118,0.06168727,-0.04206849,36.60848
1975-10-16 00:00:00,5.922852,34.98752,-1.4573617,0.038453367,-0.02076925,59.257538
1975-11-16 00:00:00,4.7396913,34.993603,-1.473466,0.030630466,0.0006787238,89.29735
1975-12-16 00:00:00,4.1884627,35.078648,-1.4878318,0.019016108,-0.044194892,341.10092
1976-01-16 00:00:00,4.0516768,35.09957,-1.5154219,0.046720535,-0.0020547581,622.7969
1976-02-16 00:00:00,3.8999672,35.10634,-1.525583,0.04003103,-0.0016568055,1487.1212
1976-03-16 00:00:00,3.693157,35.099808,-1.568257,0.027635098,-0.021251544,2683.8945
1976-04-16 00:00:00,3.7293634,35.104416,-1.5929636,0.046436723,0.0056959516,2144.7612
1976-05-16 00:00:00,4.132375,35.098465,-1.5646507,0.019364743,0.06540882,351.79776
1976-06-16 00:00:00,5.943158,35.055183,-1.491843,-0.004021143,0.0063752816,17.219782
1976-07-16 00:00:00,7.8414083,34.9708,-1.5128965,0.032030366,0.002639755,15.071372
1976-08-16 00:00:00,8.693574,34.848095,-1.4797648,0.043554932,0.036456697,18.762999
1976-09-16 00:00:00,7.4319396,34.762386,-1.4645214,0.026880743,0.028298669,38.008926
1976-10-16 00:00:00,5.9426003,34.85104,-1.475044,0.06111187,0.056029096,53.49119
1976-11-16 00:00:00,4.7838297,34.903885,-1.5205381,0.097823255,0.013344118,77.17138
1976-12-16 00:00:00,3.7369733,35.007717,-1.4850515,0.067820534,-0.010419133,159.00383
1977-01-16 00:00:00,3.7159545,35.07811,-1.5661917,-0.033612214,-0.009850489,878.8756
1977-02-16 00:00:00,3.7344277,35.104134,-1.5511119,0.022471081,0.058047216,2282.005
1977-03-16 00:00:00,3.733956,35.10562,-1.5548722,-0.0060302583,-0.013183886,2636.0962
1977-04-16 00:00:00,3.7434566,35.09832,-1.5677379,-0.012558466,0.04202664,1930.6752
1977-05-16 00:00:00,3.941945,35.096382,-1.5548583,0.049391046,0.05117911,84.01993
1977-06-16 00:00:00,5.4752336,35.095154,-1.5516857,0.009522822,0.044619773,17.883413
1977-07-16 00:00:00,7.697749,35.047318,-1.5253085,0.039986845,0.022220148,15.145024
1977-08-16 00:00:00,8.681731,34.98798,-1.5003878,0.04036192,-0.00596037,20.703146
1977-09-16 00:00:00,7.6673627,34.97237,-1.482216,0.03223844,-0.047307156,36.97697
1977-10-16 00:00:00,5.93492,34.90311,-1.494662,0.06977606,-0.0034759312,49.173195
1977-11-16 00:00:00,4.5197024,34.89644,-1.5150986,0.054190367,0.044247158,61.704784
1977-12-16 00:00:00,3.6513498,34.97533,-1.534884,0.015238198,0.034487035,128.12495
1978-01-16 00:00:00,3.8237443,35.099964,-1.5778621,0.008162029,0.03486748,1185.9897
1978-02-16 00:00:00,3.7581835,35.10583,-1.6271921,0.029941669,0.04519845,1968.6469
1978-03-16 00:00:00,3.6994712,35.10795,-1.6111745,-0.0013481226,0.05377722,2953.782
1978-04-16 00:00:00,3.6936035,35.10857,-1.5949551,0.04809583,0.12500879,2923.5596
1978-05-16 00:00:00,4.2713804,35.10916,-1.5281365,0.074535176,-0.01770907,429.0519
1978-06-16 00:00:00,5.5645003,35.08591,-1.5391515,-0.021139614,-0.052966624,24.854801
1978-07-16 00:00:00,7.5549984,35.05139,-1.5004294,-0.0019030983,0.009053688,15.524143
1978-08-16 00:00:00,8.590951,34.97254,-1.4969767,0.029184045,-0.028930394,20.489632
1978-09-16 00:00:00,7.8187137,34.901966,-1.4911004,0.023205856,-0.02354065,35.316284
1978-10-16 00:00:00,6.974798,34.887367,-1.4905945,-0.040796947,-0.028768362,48.37507
1978-11-16 00:00:00,5.45608,34.889183,-1.5218985,-0.04711805,0.026523303,65.89485
1978-12-16 00:00:00,4.095884,34.969246,-1.5112469,-0.013508643,0.011083308,108.65685
1979-01-16 00:00:00,3.9784942,35.094593,-1.5005813,0.023943575,0.04916955,701.5314
1979-02-16 00:00:00,3.8416176,35.117317,-1.5460385,0.025489982,0.057455286,2167.958
1979-03-16 00:00:00,3.7072453,35.112747,-1.5686169,0.09175739,0.043291513,3281.642
1979-04-16 00:00:00,3.7378523,35.104015,-1.5884265,0.056045897,0.08021625,2536.2815
1979-05-16 00:00:00,4.1361194,35.07689,-1.5834224,0.012042729,0.0766791,53.84245
1979-06-16 00:00:00,5.688864,35.05753,-1.5449167,0.032310236,0.019150414,21.762983
1979-07-16 00:00:00,7.910853,34.987713,-1.5182773,-0.030976713,-0.013057967,16.098396
1979-08-16 00:00:00,9.517943,34.88985,-1.4927781,-0.027885392,0.010313835,18.422628
1979-09-16 00:00:00,8.278848,34.844208,-1.5086107,-0.0070885867,-0.024469,34.19059
1979-10-16 00:00:00,6.4711394,34.855705,-1.5073777,0.021037295,-0.02725464,45.9723
1979-11-16 00:00:00,5.3038154,34.828194,-1.512801,-0.02077334,0.016644916,50.685818
1979-12-16 00:00:00,3.9431434,34.82039,-1.4984605,-0.036261965,0.0101383375,71.77378
1980-01-16 00:00:00,3.6678925,35.03003,-1.5319084,0.014077329,0.038613584,439.97427
1980-02-16 00:00:00,3.8247197,35.109566,-1.5415539,-0.0022071728,0.0039703744,1681.0303
1980-03-16 00:00:00,3.7464964,35.102966,-1.588838,-0.05809639,0.0085359495,2162.7065
1980-04-16 00:00:00,3.8022707,35.10617,-1.54866,-0.008529894,0.056522727,1857.8401
1980-05-16 00:00:00,4.7695537,35.097996,-1.5410991,-0.025896609,0.043225255,58.319633
1980-06-16 00:00:00,6.459169,35.09077,-1.5033349,-0.01689795,0.042013943,19.48645
1980-07-16 00:00:00,8.869389,35.003113,-1.4848685,0.029835023,0.051619507,14.770637
1980-08-16 00:00:00,9.235039,34.956104,-1.4188036,0.033835676,0.026905807,18.91029
1980-09-16 00:00:00,8.765957,34.916363,-1.4386697,0.0614424,0.00543435,33.348503
1980-10-16 00:00:00,7.1683164,34.929623,-1.4883481,0.038347296,-0.01086294,46.477386
1980-11-16 00:00:00,5.28637,34.999496,-1.4908177,0.024693407,0.009880113,68.03513
1980-12-16 00:00:00,4.2377477,35.035423,-1.5128834,-0.00402066,0.0063372483,132.46764
1981-01-16 00:00:00,3.9488804,35.09937,-1.539119,-0.03833846,0.0040398585,690.2114
1981-02-16 00:00:00,3.8473942,35.11788,-1.5427486,-0.02085199,0.030164303,2163.6033
1981-03-16 00:00:00,3.7903829,35.119522,-1.5566202,0.02891098,0.0057065557,2888.1174
1981-04-16 00:00:00,3.8429139,35.111446,-1.5593045,0.072380394,0.015795054,2258.9214
1981-05-16 00:00:00,4.7167153,35.11174,-1.543097,0.024296958,0.043654073,31.939264
1981-06-16 00:00:00,6.3160553,35.06949,-1.5245887,0.048096325,0.013776414,18.592726
1981-07-16 00:00:00,9.077451,34.926476,-1.5135418,0.048549373,-0.035239905,13.100828
1981-08-16 00:00:00,9.364283,34.91631,-1.5247713,-0.011951466,0.0049973447,23.343782
1981-09-16 00:00:00,8.596204,34.856228,-1.5151887,-0.013490958,0.05072844,33.72697
1981-10-16 00:00:00,7.611766,34.800663,-1.4742517,-0.03218894,0.08973739,37.812904
1981-11-16 00:00:00,5.5864697,34.709335,-1.5011146,-0.0057259235,0.08593617,50.470146
1981-12-16 00:00:00,4.114888,34.9293,-1.5331246,-0.017552882,0.08364681,116.39779
1982-01-16 00:00:00,4.0251794,35.105293,-1.516916,0.05008805,0.059242196,768.3089
1982-02-16 00:00:00,3.8825727,35.12229,-1.5461482,0.016730132,-0.00930402,2183.5352
1982-03-16 00:00:00,3.79991,35.1188,-1.5673813,0.021478765,-0.01322497,2750.6877
1982-04-16 00:00:00,3.7811348,35.113514,-1.5788059,-0.010076405,0.006943357,2345.221
1982-05-16 00:00:00,4.2541475,35.10556,-1.5323673,0.033668328,0.007002945,50.697083
1982-06-16 00:00:00,5.3444676,35.081276,-1.5292593,0.06210174,-0.020612413,24.152014
1982-07-16 00:00:00,7.509828,34.988655,-1.544018,0.03276148,-0.06155968,14.119304
1982-08-16 00:00:00,8.968143,34.910297,-1.526211,-0.041112658,-0.02529959,17.992401
1982-09-16 00:00:00,7.7998047,34.820137,-1.484952,0.058540702,-0.00047999131,25.752546
1982-10-16 00:00:00,5.408843,34.911743,-1.4998949,0.04614849,-0.04025829,47.00905
1982-11-16 00:00:00,4.3504896,34.948437,-1.5448245,0.030996192,0.01882915,68.61959
1982-12-16 00:00:00,3.935408,35.06903,-1.5009066,0.04417557,-0.017492095,271.29837
1983-01-16 00:00:00,4.0196085,35.11851,-1.5000434,0.0806787,-0.0008402882,949.4258
1983-02-16 00:00:00,3.8041964,35.11783,-1.52895,0.011255147,-0.029360276,2587.317
1983-03-16 00:00:00,3.745922,35.11616,-1.5600095,0.00429239,0.044372525,2820.1938
1983-04-16 00:00:00,3.808342,35.11999,-1.6156951,0.084261924,-0.017374815,2324.9443
1983-05-16 00:00:00,4.3189964,35.09762,-1.632997,0.017600909,0.005405812,50.480373
1983-06-16 00:00:00,5.6986327,35.056915,-1.5582339,0.027484518,0.032761298,22.466276
1983-07-16 00:00:00,8.036511,35.023357,-1.5237643,0.042680733,0.060154915,17.116005
1983-08-16 00:00:00,9.097155,34.89466,-1.4941933,0.038876384,0.06146891,18.02406
1983-09-16 00:00:00,7.8488307,34.847282,-1.4669648,0.03570375,0.06558291,32.576065
1983-10-16 00:00:00,6.4327917,34.867725,-1.4764773,-0.003681299,0.020394221,42.71841
1983-11-16 00:00:00,4.909146,34.937477,-1.5244584,-0.023705868,0.031868506,65.18234
1983-12-16 00:00:00,3.8534863,35.041042,-1.5019392,0.0028220334,0.033679627,338.58066
1984-01-16 00:00:00,3.7717655,35.116745,-1.5451528,0.034190767,0.018720238,2555.4177
1984-02-16 00:00:00,3.7349324,35.119137,-1.5764998,0.053018086,0.0392427,3330.6614
1984-03-16 00:00:00,3.6935499,35.113907,-1.5914946,0.03800489,0.08534841,3119.11
1984-04-16 00:00:00,3.6986125,35.109337,-1.6057673,-0.021497278,0.044249773,2789.1765
1984-05-16 00:00:00,4.334105,35.073273,-1.5979704,0.047240436,0.07010986,51.441128
1984-06-16 00:00:00,5.611629,35.046333,-1.561627,-0.03357976,0.075775035,27.454426
1984-07-16 00:00:00,9.211539,35.034782,-1.5094092,-0.07064702,0.06688453,11.160556
1984-08-16 00:00:00,10.446139,35.03604,-1.499341,-0.0006376859,-0.02384828,16.961199
1984-09-16 00:00:00,8.820964,34.973507,-1.5012054,0.0005909261,0.02410525,30.042137
1984-10-16 00:00:00,7.3512435,34.95418,-1.4711252,0.0023701037,0.06222551,41.29391
1984-11-16 00:00:00,5.7584157,34.95337,-1.4776161,-0.017482301,0.04974963,70.30591
1984-12-16 00:00:00,4.258122,35.010094,-1.5021822,0.0040155808,0.017980713,118.993904
1985-01-16 00:00:00,3.9571316,35.10924,-1.5500194,0.008896675,0.03237904,666.2447
1985-02-16 00:00:00,3.7725947,35.118973,-1.5685489,0.048429083,-0.015982427,2617.3047
1985-03-16 00:00:00,3.7229903,35.119347,-1.5687302,0.042248663,0.015220361,3130.5203
1985-04-16 00:00:00,3.6772773,35.118587,-1.5859519,0.02559957,-0.018140124,3415.796
1985-05-16 00:00:00,4.2793174,35.080704,-1.6328604,-0.047101922,0.011760483,644.9814
1985-06-16 00:00:00,5.7559013,35.036964,-1.5746343,0.04875556,0.017373765,20.866417
1985-07-16 00:00:00,7.2784204,34.975098,-1.5426135,0.007989736,-0.07322734,20.128359
1985-08-16 00:00:00,8.417703,34.90426,-1.5038282,0.0107742585,-0.033818074,19.919468
1985-09-16 00:00:00,7.7803955,34.90266,-1.5069253,0.039280932,-0.016614916,35.197372
1985-10-16 00:00:00,6.197614,34.905758,-1.5228462,-0.015581027,0.0040493812,43.898376
1985-11-16 00:00:00,4.5763392,34.943478,-1.5026834,0.00015853268,0.022889933,69.274506
1985-12-16 00:00:00,4.0376644,34.972843,-1.5234509,0.015572435,0.06786285,92.03581
1986-01-16 00:00:00,3.803463,35.060867,-1.5819341,0.084690996,0.026258128,368.07437
1986-02-16 00:00:00,3.795078,35.110107,-1.6016766,0.02219745,0.0007444857,1330.1056
1986-03-16 00:00:00,3.8265345,35.101997,-1.5451121,-0.031015478,0.010955294,656.87286
1986-04-16 00:00:00,3.8907716,35.114586,-1.5546159,0.07479158,0.038206764,852.7536
1986-05-16 00:00:00,4.251837,35.114494,-1.5585322,0.042687666,0.010883718,351.81677
1986-06-16 00:00:00,6.108095,35.015995,-1.49462,-0.031264883,0.012621226,18.809515
1986-07-16 00:00:00,9.138905,35.004166,-1.4649023,0.079941235,0.039662454,11.459545
1986-08-16 00:00:00,10.565185,34.97653,-1.4510509,0.03151348,0.062565275,15.218353
1986-09-16 00:00:00,9.054689,34.92468,-1.3997393,0.008967998,0.041218065,31.747137
1986-10-16 00:00:00,7.34277,34.934727,-1.4322015,-0.008097562,0.067882,51.063396
1986-11-16 00:00:00,5.607752,34.964756,-1.454998,-0.0047763907,0.060868353,72.07468
1986-12-16 00:00:00,4.48405,35.01422,-1.5213686,-0.009263002,0.015309657,118.74097
1987-01-16 00:00:00,4.0234632,35.10727,-1.4779217,0.036535177,0.013404978,704.0839
1987-02-16 00:00:00,3.947489,35.120564,-1.4901259,0.0336149,0.04159969,1344.3815
1987-03-16 00:00:00,3.9761193,35.12242,-1.5096157,0.053853784,0.045136712,1357.5508
1987-04-16 00:00:00,3.8966868,35.120495,-1.5276587,0.020541944,0.07394606,1584.0063
1987-05-16 00:00:00,4.3160686,35.113735,-1.5259509,0.044387367,-0.027588073,578.0276
1987-06-16 00:00:00,5.8267837,35.10165,-1.5203775,0.08142774,0.0071762498,22.837687
1987-07-16 00:00:00,8.2732315,35.025066,-1.4707077,0.03437443,0.03189484,14.05967
1987-08-16 00:00:00,9.344256,34.926052,-1.4339812,0.0131059075,0.042078562,16.332388
1987-09-16 00:00:00,8.690892,34.899544,-1.3895035,0.05195927,0.029752035,31.111952
1987-10-16 00:00:00,8.136893,34.73265,-1.4034028,0.096829996,-0.0014597146,34.398148
1987-11-16 00:00:00,6.2297945,34.754025,-1.4936401,0.03911146,0.012476459,51.171738
1987-12-16 00:00:00,4.5045094,34.88996,-1.4740621,0.023129301,-0.010653938,86.553825
1988-01-16 00:00:00,4.066875,35.08875,-1.4656863,0.012886797,-0.049815323,552.12836
1988-02-16 00:00:00,3.9661255,35.10881,-1.4894137,0.00061331555,0.024096088,1095.2678
1988-03-16 00:00:00,3.9262688,35.11802,-1.4991872,0.057093028,0.0683312,1668.1224
1988-04-16 00:00:00,3.938708,35.117626,-1.4984883,0.0798194,0.03513969,1611.7538
1988-05-16 00:00:00,4.0162435,35.122135,-1.5161514,0.033004396,-0.05804061,1500.5328
1988-06-16 00:00:00,5.4604926,35.09564,-1.5088415,-0.046188474,0.04497172,19.90937
1988-07-16 00:00:00,7.7648907,35.006176,-1.4663599,-0.04386162,0.008742813,15.740836
1988-08-16 00:00:00,9.12628,34.860348,-1.4404228,-0.011384075,0.04922261,17.3707
1988-09-16 00:00:00,8.313011,34.76814,-1.4372267,-0.011631759,0.021622408,30.710642
1988-10-16 00:00:00,5.844275,34.89891,-1.4364262,0.038349003,0.01820456,56.279953
1988-11-16 00:00:00,4.5330405,35.02714,-1.473588,0.028958015,-0.013987362,110.48678
1988-12-16 00:00:00,4.027713,35.032238,-1.493068,-0.027443778,-0.028305056,230.7361
1989-01-16 00:00:00,3.9868317,35.103855,-1.4845781,0.012515388,0.028920062,969.51044
1989-02-16 00:00:00,3.9316633,35.115948,-1.5079455,0.03512361,0.037572037,1759.2682
1989-03-16 00:00:00,3.8404787,35.114845,-1.5660863,0.018001908,0.0039472035,2452.714
1989-04-16 00:00:00,3.8603857,35.113747,-1.5285816,-0.023507414,0.051904097,2043.2584
1989-05-16 00:00:00,4.7867217,35.1048,-1.5365267,0.031025257,0.033486214,29.995932
1989-06-16 00:00:00,6.7208033,35.058575,-1.4959288,0.02446711,0.002258098,16.950434
1989-07-16 00:00:00,9.404929,34.965183,-1.4601612,-0.01977032,0.012771703,13.313286
1989-08-16 00:00:00,9.498561,34.94942,-1.4288999,0.01420746,-0.033507068,26.9706
1989-09-16 00:00:00,8.790917,34.961952,-1.4060478,-0.01480599,0.021171652,39.28119
1989-10-16 00:00:00,7.253708,34.97029,-1.4187974,-0.034897476,-0.023145434,54.260128
1989-11-16 00:00:00,5.4164214,34.992287,-1.4346359,-0.003489818,0.001445419,71.36758
1989-12-16 00:00:00,4.27667,34.970028,-1.4390912,0.012480514,0.043739036,96.46785
1990-01-16 00:00:00,3.9779553,35.057148,-1.4466369,0.03129906,0.019520566,558.48285
1990-02-16 00:00:00,3.9400449,35.10796,-1.4751381,0.028731344,0.048480496,1559.8505
1990-03-16 00:00:00,3.857289,35.114765,-1.5035957,-0.0013697527,0.021769494,2408.225
1990-04-16 00:00:00,3.8290076,35.110786,-1.5464207,0.0431406,0.05775322,2387.0793
1990-05-16 00:00:00,4.3489385,35.106293,-1.5385618,0.06780661,0.06486641,60.287018
1990-06-16 00:00:00,6.17798,35.07743,-1.5080837,0.031679444,0.018966898,21.351812
1990-07-16 00:00:00,8.644385,34.92343,-1.4630015,0.05608215,0.0638197,15.155089
1990-08-16 00:00:00,8.668686,34.808983,-1.4391289,0.048828125,0.028452797,22.33839
1990-09-16 00:00:00,7.367604,34.91287,-1.3951862,0.03560138,-0.053055838,39.07156
1990-10-16 00:00:00,5.8650556,34.974472,-1.4275556,-0.029842537,-0.02371124,58.83535
1990-11-16 00:00:00,4.4179435,35.003345,-1.4703968,-0.02880818,-0.057780292,135.62132
1990-12-16 00:00:00,4.0431647,35.101006,-1.4973004,-0.04385405,-0.034511026,562.3915
1991-01-16 00:00:00,3.9196708,35.111794,-1.5314614,-0.012759684,-0.01937608,1549.5742
1991-02-16 00:00:00,3.7750683,35.114857,-1.51892,0.030766277,-0.05835599,3160.5564
1991-03-16 00:00:00,3.663399,35.10608,-1.5382942,-0.022130774,-0.048380446,3145.1924
1991-04-16 00:00:00,3.7255259,35.113228,-1.5238786,-0.0004770281,-0.024397489,3371.9688
1991-05-16 00:00:00,3.99529,35.116333,-1.5866386,-0.012729311,0.005717165,2017.1975
1991-06-16 00:00:00,5.227141,35.067844,-1.5427071,-0.045819797,0.016312426,24.511639
1991-07-16 00:00:00,7.9952154,35.018612,-1.4920622,0.022784445,0.04841141,14.318671
1991-08-16 00:00:00,8.992755,34.86084,-1.431349,0.059942707,0.064411685,19.060974
1991-09-16 00:00:00,7.934448,34.880657,-1.424429,0.121557355,0.020915156,32.16384
1991-10-16 00:00:00,6.468433,34.87229,-1.4486922,0.07105564,0.06110293,47.837337
1991-11-16 00:00:00,4.9004145,34.918118,-1.4880507,0.075737566,0.020735364,69.52197
1991-12-16 00:00:00,4.025118,35.04995,-1.5011166,0.06296953,-0.018976528,275.17505
1992-01-16 00:00:00,3.8770673,35.1153,-1.5557823,0.047638766,0.0077787717,1662.5939
1992-02-16 00:00:00,3.760074,35.11603,-1.5986626,-0.004729983,-0.036748465,3059.3271
1992-03-16 00:00:00,3.6991432,35.110474,-1.6160841,-0.007007329,0.0048503615,3345.3228
1992-04-16 00:00:00,3.9595819,35.119785,-1.5801219,-0.06248678,0.024186226,1392.4668
1992-05-16 00:00:00,4.5794663,35.110916,-1.5375147,-0.010703867,0.046272673,42.130035
1992-06-16 00:00:00,6.3801665,35.03846,-1.5132564,0.009436762,0.07145958,18.82253
1992-07-16 00:00:00,8.167369,34.91452,-1.4826816,0.06457589,0.058000464,16.239283
1992-08-16 00:00:00,8.816556,34.8426,-1.4631532,0.03277248,0.014254189,24.883417
1992-09-16 00:00:00,7.7201514,34.845116,-1.4517683,0.025294278,0.035649884,37.293343
1992-10-16 00:00:00,6.1798625,34.878075,-1.4729017,0.009363925,0.020049853,48.709873
1992-11-16 00:00:00,4.5929413,34.946163,-1.464048,0.011436427,-0.018362416,75.51337
1992-12-16 00:00:00,4.2035046,35.033672,-1.5149856,0.03074994,0.023901181,155.04758
1993-01-16 00:00:00,3.9447587,35.083786,-1.5437965,0.026815196,-0.009439201,477.02866
1993-02-16 00:00:00,3.827122,35.109608,-1.5375301,-0.009218098,-0.014126122,1960.3759
1993-03-16 00:00:00,3.7788389,35.108906,-1.5513661,0.008628632,0.030154442,2543.3542
1993-04-16 00:00:00,3.8243036,35.111565,-1.5403727,0.013111629,-0.026757132,2177.1204
1993-05-16 00:00:00,4.7550197,35.09535,-1.4926543,0.033045717,0.056912694,30.156538
1993-06-16 00:00:00,5.966277,35.082718,-1.4956117,0.04932465,0.06513526,28.491714
1993-07-16 00:00:00,8.629557,35.021786,-1.4388131,0.048962448,0.0034231502,13.73956
1993-08-16 00:00:00,10.199065,34.93439,-1.4242444,0.05595096,-0.0038631675,16.868189
1993-09-16 00:00:00,9.672947,34.929676,-1.4369581,0.0123959,-0.029075632,27.285034
1993-10-16 00:00:00,7.733379,34.927948,-1.448978,1.0255201e-05,-0.008200679,48.595688
1993-11-16 00:00:00,5.695693,34.968292,-1.4528129,-0.018256363,-0.022208316,76.579155
1993-12-16 00:00:00,4.402048,34.955482,-1.4762655,-0.021503262,0.029590605,101.9328
1994-01-16 00:00:00,3.8427777,35.01204,-1.4684598,-0.008472943,-0.0055388315,298.06442
1994-02-16 00:00:00,3.851394,35.09995,-1.4653829,0.022283176,0.009045757,1506.1155
1994-03-16 00:00:00,3.790012,35.106606,-1.5575153,0.015340624,0.054542832,2465.313
1994-04-16 00:00:00,4.01569,35.106243,-1.5492383,-0.05931685,0.09326902,607.4383
1994-05-16 00:00:00,4.072363,35.105103,-1.5362527,-0.03411157,0.054381385,219.9491
1994-06-16 00:00:00,5.910791,35.032333,-1.4738425,0.05827226,0.09967989,15.935679
1994-07-16 00:00:00,8.543362,34.86395,-1.4239556,0.036654763,0.04598457,13.704684
1994-08-16 00:00:00,10.131884,34.773758,-1.4109685,0.037627306,-0.005939805,13.949336
1994-09-16 00:00:00,8.607704,34.82512,-1.3948998,-0.01673159,-0.023231829,28.407614
1994-10-16 00:00:00,7.1377244,34.81933,-1.4511397,0.009497804,0.0072299265,37.296494
1994-11-16 00:00:00,5.2971916,34.881287,-1.4435997,0.03663256,0.010059664,62.747395
1994-12-16 00:00:00,3.9994056,34.97076,-1.4430882,0.0442435,0.04974241,151.33842
1995-01-16 00:00:00,3.98466,35.06685,-1.4460799,0.018964352,0.043149766,735.54205
1995-02-16 00:00:00,3.9188976,35.104893,-1.4635543,0.05288881,0.0014253011,1616.1891
1995-03-16 00:00:00,3.8548093,35.107468,-1.5151438,-0.021756425,-0.015743127,2149.6602
1995-04-16 00:00:00,3.8608963,35.107903,-1.5441737,-0.03456951,0.0010129248,2179.7034
1995-05-16 00:00:00,4.0378795,35.102604,-1.5087646,-0.027319903,0.018227482,957.5117
1995-06-16 00:00:00,6.3695064,35.085674,-1.4782511,-0.024876032,0.021255108,15.9457855
1995-07-16 00:00:00,9.256707,35.03285,-1.4309422,0.020217823,0.011003576,11.436997
1995-08-16 00:00:00,9.567308,35.03329,-1.4236752,0.05260321,-0.0041491096,18.718143
1995-09-16 00:00:00,8.350587,35.00139,-1.4453167,0.08086876,0.005396955,33.640816
1995-10-16 00:00:00,6.3801174,35.01462,-1.4567268,0.06951477,0.01612192,54.89819
1995-11-16 00:00:00,4.7899656,35.029873,-1.4512367,0.03524361,0.09989207,85.78955
1995-12-16 00:00:00,4.264997,35.072124,-1.4707143,-0.052738573,0.08062062,292.03314
1996-01-16 00:00:00,3.9353483,35.1074,-1.490182,-0.030730875,0.0061398777,1231.2002
1996-02-16 00:00:00,3.9124727,35.11042,-1.4572954,-0.023542324,0.033820044,1941.3444
1996-03-16 00:00:00,3.8899512,35.10449,-1.5140749,-0.045466594,0.023813881,2022.8049
1996-04-16 00:00:00,3.9633636,35.10027,-1.5362927,-0.040744863,0.08418319,1052.6964
1996-05-16 00:00:00,5.137528,35.075054,-1.4856873,0.03641872,0.10228349,25.036348
1996-06-16 00:00:00,7.2220383,34.96771,-1.4582146,0.09430282,0.08205043,13.829643
1996-07-16 00:00:00,9.727366,34.88863,-1.3713154,0.08234397,-0.0036170182,13.249212
1996-08-16 00:00:00,11.058736,34.861443,-1.3595998,-0.06885567,0.010581565,15.555352
1996-09-16 00:00:00,9.373388,34.836563,-1.3880198,-0.02045931,0.018999374,32.2818
1996-10-16 00:00:00,7.4799204,34.88034,-1.4049658,0.00030066996,-0.0063380296,44.77213
1996-11-16 00:00:00,5.626847,34.934574,-1.4169203,-0.01298025,0.037502237,65.33313
1996-12-16 00:00:00,4.4394045,34.949493,-1.4514427,-0.047110487,0.05131622,104.595314
1997-01-16 00:00:00,4.052936,35.063473,-1.4478801,-0.0068016397,0.02862281,462.47693
1997-02-16 00:00:00,4.0489197,35.099483,-1.4574226,-0.013197526,0.040195893,1145.0245
1997-03-16 00:00:00,3.9716725,35.108227,-1.4859593,-0.03699006,0.03842459,1765.9128
1997-04-16 00:00:00,4.029221,35.11156,-1.4976741,-0.0038994707,0.028961211,1662.6322
1997-05-16 00:00:00,4.9480996,35.09833,-1.4983591,0.0021054095,0.05171646,27.715109
1997-06-16 00:00:00,6.587388,35.010174,-1.4810284,0.010836341,0.021128511,19.593306
1997-07-16 00:00:00,8.691659,34.881905,-1.4274884,0.017053032,-0.025690502,15.506447
1997-08-16 00:00:00,9.896019,34.817898,-1.3829278,0.03780743,-0.027460981,21.19049
1997-09-16 00:00:00,8.871636,34.8065,-1.3956169,0.018696427,-0.018152634,32.98269
1997-10-16 00:00:00,7.5109725,34.79499,-1.4021167,0.026082346,-0.007893946,45.01369
1997-11-16 00:00:00,5.012914,34.884922,-1.4480507,0.0028875135,-0.033613272,61.43681
1997-12-16 00:00:00,3.8366258,34.906956,-1.4442961,-0.0313871,0.025353432,113.16797
1998-01-16 00:00:00,4.067121,35.078304,-1.4423943,-0.031769086,0.036702987,657.0023
1998-02-16 00:00:00,4.0323286,35.10618,-1.4432143,-0.0016875314,0.018071469,1171.1504
1998-03-16 00:00:00,3.879263,35.11504,-1.506095,-0.011698434,0.027970834,2792.734
1998-04-16 00:00:00,3.9201252,35.115543,-1.5048565,0.061940663,0.075045556,1866.5084
1998-05-16 00:00:00,4.369281,35.112373,-1.5149091,0.07029814,0.059623767,158.3503
1998-06-16 00:00:00,6.399068,35.051876,-1.4565197,0.068233825,0.015361181,16.776007
1998-07-16 00:00:00,8.730552,34.923088,-1.4313891,0.022488335,-0.05420612,15.372459
1998-08-16 00:00:00,10.262422,34.887417,-1.428519,-0.025882501,-0.024704264,18.388964
1998-09-16 00:00:00,8.918191,34.872246,-1.4272462,-0.008253332,-0.00020958386,28.706104
1998-10-16 00:00:00,6.698817,34.86294,-1.4301361,0.061038874,0.07214359,32.946575
1998-11-16 00:00:00,5.164,34.837738,-1.3972757,0.120999366,0.032595765,49.66388
1998-12-16 00:00:00,3.8656251,34.8806,-1.4469895,0.10321208,-0.062161922,89.485596
1999-01-16 00:00:00,3.8337655,35.058605,-1.5017488,0.041017357,0.002678763,430.9658
1999-02-16 00:00:00,3.8797696,35.105297,-1.5324591,-0.040546145,0.068628475,1674.7404
1999-03-16 00:00:00,3.93935,35.112194,-1.4651108,0.018302334,0.027237609,2083.9395
1999-04-16 00:00:00,4.156423,35.110413,-1.446453,0.044660516,0.050233006,826.8753
1999-05-16 00:00:00,4.3744106,35.08825,-1.4463086,0.02133291,0.06620676,65.504456
1999-06-16 00:00:00,6.665732,35.04772,-1.4326221,-0.021180635,-0.016749209,13.104398
1999-07-16 00:00:00,8.844989,34.975792,-1.3977512,0.01850683,0.04898252,13.900169
1999-08-16 00:00:00,10.845695,34.727734,-1.3617368,0.05914283,0.013844542,11.780579
1999-09-16 00:00:00,8.900438,34.80532,-1.4042877,0.048265222,-0.043981846,25.209278
1999-10-16 00:00:00,6.502655,34.924915,-1.3935649,0.020313194,-0.04186504,51.851906
1999-11-16 00:00:00,4.875747,34.98321,-1.4119334,0.01838953,-0.04991071,73.85315
1999-12-16 00:00:00,4.1659765,35.10141,-1.4396276,0.0013462255,-0.035508838,791.4398
2000-01-16 00:00:00,4.0067253,35.116264,-1.4527575,0.015804943,-0.03436131,1415.1858
2000-02-16 00:00:00,3.936351,35.11777,-1.509126,-0.02511106,0.02043335,2305.6255
2000-03-16 00:00:00,3.8925414,35.118286,-1.4839045,-0.035726167,0.023290934,2755.2002
2000-04-16 00:00:00,3.885601,35.116985,-1.4845122,0.00039056272,0.04510539,2781.9966
2000-05-16 00:00:00,4.3280425,35.106064,-1.5137684,0.0707917,0.03409265,614.6429
2000-06-16 00:00:00,5.9194946,35.093323,-1.4777806,0.06761273,-0.028581623,21.059301
2000-07-16 00:00:00,7.86742,35.032368,-1.4606202,0.019320387,0.0063560493,17.9908
2000-08-16 00:00:00,8.360409,34.83959,-1.4223418,0.0017018524,-0.019108897,19.567282
2000-09-16 00:00:00,7.447117,34.81365,-1.3853418,0.032172933,0.016104765,35.841576
2000-10-16 00:00:00,6.7485776,34.720158,-1.3773136,0.045836553,0.04564438,47.721867
2000-11-16 00:00:00,5.246954,34.789707,-1.4332633,0.08278489,-0.059157837,58.56896
2000-12-16 00:00:00,3.9791605,34.923443,-1.4403389,0.050573662,-0.06574715,114.57138
2001-01-16 00:00:00,3.9310002,35.08039,-1.4302529,0.01614618,0.005818141,665.8364
2001-02-16 00:00:00,3.86147,35.091072,-1.4893377,0.008668612,0.0048210393,1056.7214
2001-03-16 00:00:00,3.867088,35.09458,-1.508118,0.034141403,-0.04852026,1120.6105
2001-04-16 00:00:00,3.9086401,35.097916,-1.5150774,0.044122472,-0.04338319,1294.3015
2001-05-16 00:00:00,4.99413,35.089626,-1.4616479,0.011979101,0.06071958,31.409046
2001-06-16 00:00:00,8.026234,35.064693,-1.4545187,0.056911025,0.040637232,13.292494
2001-07-16 00:00:00,10.384162,34.958202,-1.396877,0.073854126,0.07577409,12.353886
2001-08-16 00:00:00,12.364325,34.69701,-1.3528591,0.022585124,0.069054715,11.375458
2001-09-16 00:00:00,9.903609,34.80069,-1.3360622,0.028237684,-0.01989428,23.568497
2001-10-16 00:00:00,7.3794785,34.847927,-1.3661039,0.02437529,-0.027521584,42.238384
2001-11-16 00:00:00,5.3535886,34.878162,-1.3646452,0.0105197495,0.021699427,64.191025
2001-12-16 00:00:00,4.301522,34.987125,-1.4315284,0.03764485,0.04106876,154.33005
2002-01-16 00:00:00,4.0723295,35.064804,-1.4443794,0.054292183,0.03891811,475.86194
2002-02-16 00:00:00,3.92561,35.08025,-1.4594978,0.03529449,0.011673192,860.2495
2002-03-16 00:00:00,3.8789835,35.08122,-1.4705487,0.01882739,0.0026854663,1125.1537
2002-04-16 00:00:00,3.795363,35.093815,-1.4693484,0.0247049,0.034724854,2332.2048
2002-05-16 00:00:00,4.4514318,35.097294,-1.4786913,0.04649033,0.023244807,421.10928
2002-06-16 00:00:00,6.2410555,35.038177,-1.4450232,0.055348277,0.033416234,20.291157
2002-07-16 00:00:00,8.952555,34.914654,-1.3599961,0.07145474,0.03430839,12.048569
2002-08-16 00:00:00,9.128514,34.868343,-1.3600578,0.07823021,0.010541449,15.75619
2002-09-16 00:00:00,8.801537,34.87976,-1.3504506,0.05865341,-0.027478464,26.122202
2002-10-16 00:00:00,6.597207,34.881016,-1.3823173,0.032247797,-0.014216433,53.33216
2002-11-16 00:00:00,4.8610425,34.954895,-1.4330457,-0.0052030585,0.017081926,92.12873
2002-12-16 00:00:00,4.1734176,34.977695,-1.4603341,0.033987567,0.032647472,142.56242
2003-01-16 00:00:00,4.00186,35.06209,-1.4349735,0.07954837,0.097653225,580.55927
2003-02-16 00:00:00,3.920405,35.085655,-1.4461493,0.074152306,0.04471812,1470.0247
2003-03-16 00:00:00,3.8084598,35.09764,-1.447601,0.08995374,0.024662964,2716.1326
2003-04-16 00:00:00,3.7432466,35.100075,-1.5349102,0.064708754,0.06431692,3411.0771
2003-05-16 00:00:00,4.1076145,35.098087,-1.5066628,0.042823806,0.03971737,774.19434
2003-06-16 00:00:00,5.8561206,35.04663,-1.5098798,-0.03769698,0.049906358,17.061325
2003-07-16 00:00:00,7.9667068,34.84743,-1.4351528,-0.021859348,0.05363417,13.856878
2003-08-16 00:00:00,9.276676,34.777985,-1.3703144,0.069102004,0.03089615,17.901075
2003-09-16 00:00:00,8.34232,34.74642,-1.399511,0.08785419,0.012107557,33.26244
2003-10-16 00:00:00,6.3790054,34.78115,-1.3935359,0.041926093,-0.009818723,44.959103
2003-11-16 00:00:00,4.8634753,34.81149,-1.4336463,0.030326338,0.02675985,67.743286
2003-12-16 00:00:00,3.754739,34.95398,-1.4300625,0.10185308,-0.08861357,122.32763
2004-01-16 00:00:00,3.733906,35.070293,-1.4726791,-0.029209182,-0.046519257,1018.40027
2004-02-16 00:00:00,3.7969651,35.08272,-1.4583617,0.045014467,-0.05845559,1586.4597
2004-03-16 00:00:00,3.7271452,35.089478,-1.479265,0.06858434,0.0036074333,2922.6846
2004-04-16 00:00:00,3.8463762,35.09479,-1.5266999,0.013037652,0.06492542,2238.4644
2004-05-16 00:00:00,4.44341,35.09992,-1.5209874,0.0013408702,0.042774513,40.176212
2004-06-16 00:00:00,5.914993,35.020966,-1.4682739,0.040918678,0.058662068,19.095848
2004-07-16 00:00:00,7.663136,34.801914,-1.4217702,0.04534891,0.025912765,15.209744
2004-08-16 00:00:00,8.870563,34.7434,-1.4164131,0.037000902,-0.024298215,18.8758
2004-09-16 00:00:00,7.638686,34.77703,-1.4021764,0.0067206696,-0.02128259,30.08847
2004-10-16 00:00:00,6.437804,34.837494,-1.4432753,0.008292271,-0.035175044,44.4554
2004-11-16 00:00:00,5.0175223,34.87331,-1.4468539,0.033810113,0.028031247,63.621906
2004-12-16 00:00:00,4.0349684,34.954483,-1.497386,-0.011811159,-0.012925701,121.325676
2005-01-16 00:00:00,3.795626,35.062553,-1.4739952,0.012721536,-0.027150963,596.30493
2005-02-16 00:00:00,3.7397401,35.086594,-1.4792069,0.0023031905,-0.017343367,2344.208
2005-03-16 00:00:00,3.7152712,35.09297,-1.4799509,-0.02465646,-0.019484604,3374.6514
2005-04-16 00:00:00,3.7642572,35.083794,-1.531591,-0.023586435,0.028015228,1679.4865
2005-05-16 00:00:00,3.8674815,35.093903,-1.5127493,0.0105476035,-0.004781054,1015.0106
2005-06-16 00:00:00,4.765565,35.0674,-1.4791927,0.02454583,0.06200047,44.174507
2005-07-16 00:00:00,7.002491,34.95868,-1.4089133,0.08675278,0.07001719,15.000941
2005-08-16 00:00:00,8.6973295,34.863754,-1.4069364,0.08087159,0.0022423118,16.976768
2005-09-16 00:00:00,7.585617,34.87095,-1.4417112,0.06589349,0.0095034335,37.417114
2005-10-16 00:00:00,6.25978,34.86356,-1.4183334,0.035508577,0.027307915,50.11219
2005-11-16 00:00:00,4.636875,34.882816,-1.4565545,-0.016668245,0.031125454,71.312836
2005-12-16 00:00:00,3.7330644,35.022106,-1.481949,-0.033015594,0.0084687965,300.51746
2006-01-16 00:00:00,3.7429495,35.083668,-1.4546179,-0.011291613,0.0066043395,1812.8037
2006-02-16 00:00:00,3.8011816,35.092613,-1.4846808,0.019778814,0.059342343,2201.301
2006-03-16 00:00:00,3.802207,35.09688,-1.5000045,0.05870387,-0.010140554,2497.6118
2006-04-16 00:00:00,3.801626,35.09257,-1.5146706,0.05192215,0.040552896,1600.8245
2006-05-16 00:00:00,4.036127,35.092236,-1.5079114,0.09288269,-0.022498738,858.53217
2006-06-16 00:00:00,5.9055367,35.049255,-1.5107191,0.06680548,0.06150326,17.623165
2006-07-16 00:00:00,8.6463175,34.94984,-1.436192,0.10038374,0.09469999,13.864181
2006-08-16 00:00:00,10.241573,34.851467,-1.3911551,0.11405416,0.0152138565,14.606079
2006-09-16 00:00:00,8.921988,34.82501,-1.3993402,0.08458708,-0.0067882445,25.672695
2006-10-16 00:00:00,6.3254147,34.902836,-1.4308827,0.08801078,0.0031699953,44.46645
2006-11-16 00:00:00,4.7589455,34.9377,-1.4189239,0.05347377,0.024711711,64.671364
2006-12-16 00:00:00,4.173767,34.92722,-1.4454476,-0.030754494,0.011494307,96.2549
2007-01-16 00:00:00,3.8416905,34.852806,-1.4939744,-0.0378961,0.055072192,95.28645
2007-02-16 00:00:00,3.4853346,34.82652,-1.499902,-0.017614933,0.06952636,97.60415
2007-03-16 00:00:00,3.3149145,34.91692,-1.439964,0.028321238,0.00036000574,185.30649
2007-04-16 00:00:00,3.788638,35.05567,-1.4835241,0.061573204,-0.006093422,655.1125
2007-05-16 00:00:00,4.05542,35.063244,-1.4379663,0.026862366,-0.06160074,382.88486
2007-06-16 00:00:00,5.898131,35.038734,-1.4538214,-0.0018283647,-0.02816156,17.611212
2007-07-16 00:00:00,9.20714,34.94271,-1.4026027,0.043597482,0.04204483,11.74936
2007-08-16 00:00:00,10.3228035,34.86711,-1.4014806,0.008133788,0.023451991,16.377146
2007-09-16 00:00:00,8.992216,34.865974,-1.372627,0.04652678,-0.018882107,31.38469
2007-10-16 00:00:00,7.853823,34.76749,-1.3902369,0.05304123,-0.05427889,34.537548
2007-11-16 00:00:00,5.577973,34.81702,-1.3900964,0.10301688,-0.035820358,59.716778
2007-12-16 00:00:00,4.190628,34.941963,-1.4257376,0.0042212424,0.012217784,128.25595
2008-01-16 00:00:00,3.9271233,34.98702,-1.4243286,0.018408014,0.057577495,242.95995
2008-02-16 00:00:00,3.8219845,35.047752,-1.4576089,0.0006600799,0.022572244,798.08105
2008-03-16 00:00:00,3.7977865,35.051453,-1.4331349,-0.01826704,0.0044437037,798.6904
2008-04-16 00:00:00,3.8731308,35.041744,-1.4774104,0.00042753495,-0.00090071204,156.70131
2008-05-16 00:00:00,4.370107,35.02783,-1.4420466,0.029167335,0.021990314,70.53042
2008-06-16 00:00:00,5.8804145,35.004215,-1.4305022,0.009685507,-0.043056715,20.40007
2008-07-16 00:00:00,8.927233,34.919888,-1.4005252,0.03397279,-0.04356614,12.41267
2008-08-16 00:00:00,10.66887,34.91069,-1.3498068,0.032127265,-0.033083327,17.520555
2008-09-16 00:00:00,9.172459,34.915604,-1.3344815,0.027747964,-0.03749903,29.306063
2008-10-16 00:00:00,7.233138,34.869133,-1.3266585,0.064195186,-0.04345421,51.565582
2008-11-16 00:00:00,6.0703125,34.847797,-1.354462,0.000795947,-0.038177773,64.06444
2008-12-16 00:00:00,4.827091,34.9019,-1.3818072,-0.019106934,0.026052127,93.66343
2009-01-16 00:00:00,4.0425754,34.954998,-1.4056237,0.004446476,0.020344622,177.50046
2009-02-16 00:00:00,3.8035274,35.018917,-1.4199698,-0.0106217945,-0.015317949,486.36865
2009-03-16 00:00:00,3.7918258,35.04859,-1.4339778,-0.033008136,0.0011124269,780.245
2009-04-16 00:00:00,3.9920735,35.043594,-1.4298174,0.018101426,0.033476304,586.93555
2009-05-16 00:00:00,4.6051774,35.019096,-1.4397955,0.044895668,-0.0018509061,46.513412
2009-06-16 00:00:00,6.724433,34.949886,-1.3863789,0.001303086,-0.054043237,18.650967
2009-07-16 00:00:00,8.744365,34.84472,-1.3697902,-0.024000306,0.0023043647,13.605151
2009-08-16 00:00:00,11.199293,34.736557,-1.3529313,0.00558665,0.0057114596,12.768066
2009-09-16 00:00:00,9.2654295,34.76158,-1.3399515,0.005788926,-0.015458905,27.959742
2009-10-16 00:00:00,6.6556535,34.817715,-1.3759787,-0.010105557,-0.004496216,41.727097
2009-11-16 00:00:00,5.2700453,34.891693,-1.3837471,0.0072726174,0.018235076,62.767998
2009-12-16 00:00:00,4.3392453,34.945232,-1.372474,0.028465392,0.017461412,117.62305
2010-01-16 00:00:00,4.1126103,35.020374,-1.3909339,0.027524645,-0.0071933423,298.891
2010-02-16 00:00:00,3.8787293,35.051018,-1.3923935,0.0021771814,-0.019733418,857.9388
2010-03-16 00:00:00,3.8512435,35.060226,-1.4519881,-0.042221285,0.0006023473,1028.8954
2010-04-16 00:00:00,4.0942135,35.053837,-1.4518232,-0.030775899,0.0033794928,251.32516
2010-05-16 00:00:00,4.730512,35.0594,-1.4325588,-0.014047249,0.012380411,49.937634
2010-06-16 00:00:00,6.553875,34.982826,-1.4047759,0.035662558,-0.012668093,20.044563
2010-07-16 00:00:00,9.934647,34.904472,-1.345851,0.04479065,0.016161973,12.22934
2010-08-16 00:00:00,10.706497,34.886948,-1.3322856,0.009506663,-0.0049640234,14.522221
2010-09-16 00:00:00,9.453768,34.877876,-1.325166,-0.004663964,0.026190491,25.567696
2010-10-16 00:00:00,7.9801254,34.826073,-1.3600351,-0.018603507,0.019449629,34.944767
2010-11-16 00:00:00,5.4716477,34.91165,-1.3754834,-0.0179997,-0.0018912645,67.0658
2010-12-16 00:00:00,4.237131,35.00216,-1.3695384,0.004145295,-0.0079772705,191.2344
2011-01-16 00:00:00,3.965176,35.051147,-1.4035621,0.004638685,-0.0041417726,699.8188
2011-02-16 00:00:00,3.9652534,35.068016,-1.4092236,0.05119877,0.010511576,1172.58
2011-03-16 00:00:00,3.9318461,35.07325,-1.4187897,0.053937517,0.016539061,1383.1561
2011-04-16 00:00:00,3.898934,35.076046,-1.448861,0.047784466,0.021547947,1590.2457
2011-05-16 00:00:00,4.961753,35.06702,-1.4317454,0.030056212,-0.007406904,22.12635
2011-06-16 00:00:00,7.044131,35.055733,-1.4339023,0.047909003,-0.0056164796,15.34863
2011-07-16 00:00:00,8.542119,34.95774,-1.3800497,0.013487949,0.006992676,15.412532
2011-08-16 00:00:00,9.544426,34.835846,-1.3513008,0.05072475,-0.040960565,18.861507
2011-09-16 00:00:00,8.852793,34.809784,-1.3411574,0.023515275,-0.03698848,29.061405
2011-10-16 00:00:00,7.0276885,34.889362,-1.3610079,0.005374354,-0.019012941,42.295975
2011-11-16 00:00:00,5.5496564,34.903286,-1.4074084,0.0018426955,0.0088269925,60.94013
2011-12-16 00:00:00,4.352551,34.928787,-1.3798213,0.016518528,0.019980352,100.0254
2012-01-16 00:00:00,3.9553747,35.040134,-1.3927114,0.026644219,0.022212336,631.3158
2012-02-16 00:00:00,3.886497,35.0737,-1.4046699,0.022508625,0.028039427,1628.4333
2012-03-16 00:00:00,3.846746,35.074863,-1.4435915,0.012357431,0.022069143,1891.564
2012-04-16 00:00:00,4.0723214,35.051983,-1.4294424,0.008797096,0.0066878563,479.74185
2012-05-16 00:00:00,4.4337387,35.050167,-1.4380441,0.0002837896,0.013904946,48.317863
2012-06-16 00:00:00,5.910065,35.03569,-1.4152325,0.0127604315,0.016952863,23.373102
2012-07-16 00:00:00,7.9640336,34.93276,-1.3626393,0.069625586,0.04453452,14.350349
2012-08-16 00:00:00,9.367175,34.849094,-1.3550293,0.033838917,0.013454749,16.861853
2012-09-16 00:00:00,8.768489,34.849255,-1.3276981,0.024902636,0.012061487,30.973555
2012-10-16 00:00:00,7.6098475,34.817368,-1.3514564,0.007949552,0.021320283,37.077744
2012-11-16 00:00:00,5.4502783,34.873608,-1.3587689,0.008319258,-0.003653346,66.412025
2012-12-16 00:00:00,4.1499853,34.92018,-1.367662,0.03316914,-0.017628977,96.646164
2013-01-16 00:00:00,4.023807,34.94477,-1.3904979,0.05004357,-0.015609042,191.49847
2013-02-16 00:00:00,3.9145873,35.021797,-1.4291079,0.03576459,-0.0106237065,500.25488
2013-03-16 00:00:00,3.7983308,35.055824,-1.40249,0.0036957762,-0.03936852,1614.687
2013-04-16 00:00:00,4.0432878,35.06507,-1.4607959,-0.067486815,-0.012261854,1026.635
2013-05-16 00:00:00,4.6175594,35.045475,-1.407116,0.0028789542,0.018837767,35.555817
2013-06-16 00:00:00,5.823832,35.023724,-1.3890265,0.017390667,0.0013577825,21.772678
2013-07-16 00:00:00,7.8227305,34.98128,-1.3577219,-0.00053493376,-0.028908057,19.69247
2013-08-16 00:00:00,9.653322,34.913143,-1.3251177,0.011178554,0.03484993,17.193123
2013-09-16 00:00:00,9.133542,34.848164,-1.3393642,0.032768585,0.011087987,33.14743
2013-10-16 00:00:00,6.9563084,34.831364,-1.3471332,0.0079968395,-0.004035698,47.63797
2013-11-16 00:00:00,4.943644,34.891174,-1.3527522,0.027711654,-0.030548029,73.04667
2013-12-16 00:00:00,3.9822657,34.986588,-1.3763684,0.006035942,-0.018035246,219.54228
2014-01-16 00:00:00,3.8857203,35.052208,-1.3898561,0.015173391,-0.011448494,1088.9862
2014-02-16 00:00:00,3.9081252,35.06682,-1.410674,-0.012559759,-0.039773315,1640.6644
2014-03-16 00:00:00,3.8355541,35.07109,-1.4258391,-0.012703292,-0.0036048566,2227.284
2014-04-16 00:00:00,4.0864964,35.05398,-1.424027,0.10325151,0.0150745995,570.77106
2014-05-16 00:00:00,5.01874,35.035385,-1.3768108,0.054619968,0.08989054,28.794659
2014-06-16 00:00:00,6.9929395,34.952217,-1.3581469,0.071805954,0.078939795,17.301088
2014-07-16 00:00:00,10.792993,34.88683,-1.3079312,0.047385186,-0.03736212,11.930976
2014-08-16 00:00:00,10.807449,34.791195,-1.3042837,0.021925949,-0.0407139,15.717718
2014-09-16 00:00:00,9.588177,34.78712,-1.3096421,-0.0032974742,-0.016239945,29.14842
2014-10-16 00:00:00,7.1467795,34.75679,-1.3378313,-0.008610861,-0.01797244,47.014458
2014-11-16 00:00:00,5.189922,34.79954,-1.3465887,-0.023105728,-0.017126782,65.9438
2014-12-16 00:00:00,4.235094,34.887615,-1.3607131,-0.025330648,0.008701669,109.0573
